category,image,sub_category,product_name,price,about,how_to,ingredients
MAKE UP,https://wardah-mainsite.s3-ap-southeast-1.amazonaws.com/medias/products/slides-2-1648127695.png,COLORFIT,NEW! Wardah Bundle Colorfit Lip Paint - Dazzling New York,99180,NEW! Wardah Special Bundle Colorfit Lip Paint - Dazzling New York,Ready-to-go travel pack make up to experience cities around the world,
MAKE UP,https://wardah-mainsite.s3-ap-southeast-1.amazonaws.com/medias/products/slides-2-1648127477.png,COLORFIT,NEW! Wardah Bundle Colorfit Lip Paint - Royal London,179580,NEW! Wardah Special Bundle Colorfit Lip Paint - Royal London,Ready-to-go travel pack make up to experience cities around the world,
MAKE UP,https://wardah-mainsite.s3-ap-southeast-1.amazonaws.com/medias/products/variant-1647485510.png,"COLORFIT, LIPS",Colorfit Last All Day Lip Paint Around the World,62985,Colorfit Last All Day Lip Paint Around the World LIMITED EDITION is the only halal matte lip cream with non-transfer formula and intense colors that lasts up to 12 hours with the result that intense non-transfer lip color that lasts all day.,"Aplikasikan lipstik pada bibir., Gunakan aplikator untuk merapikan pulasan lipstik hingga ke bagian ujung bibir dengan one swipe coverage, Gunakan hingga seluruh warna merata di bibir cantikmu.","Isododecane, Bis-Hydroxylauryl Dimethicone/IPDI Copolymer, Cyclopentasiloxane, Trisiloxane, Trimethylsiloxysilicate, Diisostearyl Malate, Hydrated Silica, Silica Dimethyl Silylate, Disteardimonium Hectorite, Cyclohexasiloxane, Propylene Carbonate, Phenoxyethanol, Ethylhexylglycerin, Aluminum Hydroxide, Tocopheryl Acetate, Triethoxycaprylylsilane, Fragrance, Cyclotetrasiloxane, Tocopherol. May Contain :CI 77891, CI 77492, CI 15850:2, CI 15850:1, CI 77499, CI 77491, CI 15850, CI 42090."
MAKE UP,https://wardah-mainsite.s3-ap-southeast-1.amazonaws.com/medias/products/variant-1647333599.png,COLORFIT,Colorfit Perfect Glow Cushion,101650,"Colorfit Perfect Glow Cushion merupakan base makeup dengan radiant (glow) finish dan formula yang ringan sehingga mampu menyatu dengan baik pada wajah untuk memberikan tampilan healthy-glow finish. Diformulasikan khusus dengan SkinMatch Technology untuk dapat menyatu sempurna dengan warna natural kulit dan memberikan high coverage untuk menutupi ketidaksempurnaan pada wajah. No greasy, no cakey, less oxidized formula.","Ambil bulk menggunakan puff yang disediakan dengan cara di tekan pada sponge, Aplikasikan cushion ke wajah dengan cara di tap-tap secara halus untuk hasil coverage yang optimal dan merata, Hindari gerakan menggeser agar hasilnya dapat lebih menyatu dengan kulit, Tutup rapat cushion setelah pemakaian","SkinMatch Technology
Glow Perfecting Pigment"
MAKE UP,https://wardah-mainsite.s3-ap-southeast-1.amazonaws.com/medias/products/variant-1645442966.webp,LIPS,Everyday! Matte Lip Shot,46000,Quick set lip cream dengan hasil matte yang diformulasikan dengan quickset volatile oils yang mampu dengan cepat nge-set di bibir. Mengandung vitamin C yang dapat membuat bibir tetap healthy saat online meeting atau online class. Didesign dengan 5 spesial camera ready shades yang membuat tampilan lebih nge-pop di kameran dan digital screen.,Aplikasikan Everyday! Matte Lip Shot dengan aplikator secara merata pada bibir,
MAKE UP,https://wardah-mainsite.s3-ap-southeast-1.amazonaws.com/medias/products/variant-1644227185.png,FACE,Lightening Liquid Foundation 6ml,18500,"Wardah Lightening Liquid Foundation adalah liquid foundation yang terasa ringan dan nyaman digunakan sehari-hari. Memilki coverage medium, mencerahkan, dan tahan lama hingga 12 jam.","1. Aplikasikan Wardah Lightening Liquid Foundation secukupnya pada wajah, 2. Ratakan ke seluruh wajah menggunakan tangan/brush/ sponge, 3. Wajah cerahmu siap untuk menjalani aktivitas","Aqua, Cyclopentasiloxane, Dimethicone, Propanediol, Ethylhexyl Methoxycinnamate, Phenyl Trimethicone, Niacinamide, Polymethyl Methacrylate, Vinyl Dimethicone/Methicone Silsesquioxane Crosspolymer, Trehalose, PEG/PPG-18/18 Dimethicone, Magnesium Sulfate, Divinyldimethicone/Dimethicone Crosspolymer, Phenoxyethanol, Polyhydroxystearic Acid, Polymethylsilsesquioxane, Silica, Sorbitan Olivate, Tocopheryl Acetate, Aluminum Hydroxide, Hydrogen Dimethicone, Allantoin, Zinc Gluconate, Ethylhexylglycerin, Methicone, Disodium EDTA. May Contain :CI 77891, CI 77492, CI 77491, CI 77499."
MAKE UP,https://wardah-mainsite.s3-ap-southeast-1.amazonaws.com/medias/products/variant-1647060273.png,EYE,Eyexpert Matic Brow Definer,50000,"Produk pensil alis mekanik dengan ujung berbentuk oval pipih sehingga memudahkan untuk menggambar alis secara presisi. Dengan tekstur powdery dan smooth, serta intensitas yang natural menjadikan alis tampak cantik natural. Waterproof, wudhu friendly, serta tahan lama hingga 8 jam.","Rapikan alis dengan bagian spoolie, gambar bingkai alis dengan ujung pensil, isi bagian dalam alis, kemudian baurkan pensil dengan spoolie.",
MAKE UP,https://wardah-mainsite.s3-ap-southeast-1.amazonaws.com/medias/products/variant-1648120375.png,"COLORFIT, FACE",Colorfit Cream Blush,45900,"Cream Blush with cream to powder texture. Infused with Vitamin E. Airy light and smooth creamy consistency allow blush to easily blend on skin or foundation. Glow Color pigment, gives intense long lasting color. Fresh blushing looks for up to 8 hours!",Aplikasikan Wardah Colorfit Cream Blush di area pipi dengan mengoleskan cream blush menggunakan jari/sponge. Colorfit Cream Blush dapat diaplikasikan setelah menggunakan foundation maupun bedak.,
MAKE UP,https://wardah-mainsite.s3-ap-southeast-1.amazonaws.com/medias/products/variant-1633012689.png,"COLORFIT, LIPS",Colorfit Fresh Lip Ink Serum,57150,"The Next Level of Lip Ink! Lip Ink Serum Infused with sunflower & jojoba oil, with watery texture. Make your dreams come true with 8 fresh matte lip colors that give you the ultimate bare lip sensation and a healthy lip look to freshen up your day wherever you are! ","Aplikasikan lipstik pada bibir., Gunakan aplikator untuk merapikan pulasan lipstik hingga ke bagian ujung bibir dengan one swipe coverage, Gunakan hingga seluruh warna merata di bibir cantikmu.",
MAKE UP,https://wardah-mainsite.s3-ap-southeast-1.amazonaws.com/medias/products/variant-1618798985.png,"COLORFIT, FACE",Colorfit Matte Foundation,64800,Wardah Colorfit Matte Foundation merupakan matte foundation dengan SPF 30 PA+++ yang ringan dan memberikan coverage tahan lama serta tidak transfer. Diformulasikan khusus dengan SkinMatch Technology untuk dapat menyatu sempurna dengan warna natural kulit dan memberikan efek oil control pada wajah.,"1. Aplikasikan Wardah Colorfit Matte Foundation pada wajah dengan tangan, 2. Baurkan hingga merata dengan spons atau kuas sesuai dengan hasil yang diinginkan","Aqua, Cyclopentasiloxane, Isododecane, Methyl Methacrylate Crosspolymer, Dimethicone, Ethylhexyl Methoxycinnamate, Caprylyl Methicone, Trimethylsiloxysilicate, Butylene Glycol, PEG-9 Polydimethylsiloxyethyl Dimethicone, Titanium Dioxide, Dicaprylyl Carbonate, Hydrogenated Polyisobutene, Sodium Chloride, Phenoxyethanol, Pentylene Glycol, Tocopheryl Acetate, Triethoxycaprylylsilane, Divinyldimethicone/Dimethicone Crosspolymer, Hydrated Silica, Silica, Disteardimonium Hectorite, Aluminum Hydroxide, Propylene Carbonate, BHT, Ethylhexylglycerin, Hydrogenated Lecithin, Cyclotetrasiloxane, Glycerin, Caprylic/Capric Triglyceride, Centella Asiatica Extract, Cholesterol. May Contain : CI 77491, CI 77492, CI 77499, CI 77891."
MAKE UP,https://wardah-mainsite.s3-ap-southeast-1.amazonaws.com/medias/products/variant-1616584925.png,"COLORFIT, FACE",Colorfit Velvet Powder Foundation,63450,Wardah Colorfit Velvet Powder Foundation merupakan kombinasi foundation dan bedak yang terasa halus untuk memberikan coverage yang natural namun buildable (dapat diatur untuk medium hingga high coverage). Mampu memberikan finish yang dapat menyatu dengan baik wajah dan mampu menyamarkan pori serta menahan minyak secara tahan lama hingga 12 jam.,"1. Aplikasikan bedak pada wajah dengan menggunakan spons, 2. Lipat spons menjadi dua bagian untuk meratakan powder foundation di daerah bawah mata","Talc, Titanium Dioxide, Ethylhexyl Methoxycinnamate, Silica, Isopropyl Myristate, Nylon-12, Octyldodecanol, Dipentaerythrityl Hexahydroxystearate/Hexastearate/Hexarosinate, Phenoxyethanol, Triethoxycaprylylsilane, PCA Dimethicone, Aluminum Hydroxide, Dimethicone, HDI/Trimethylol Hexyllactone Crosspolymer, Hydrogen Dimethicone, Polymethyl Methacrylate, Ethylhexylglycerin, Methicone, Fragrance, Tocopheryl Acetate, Glycerin, Caprylic/Capric Triglyceride, Aqua, Centella Asiatica Extract, Tocopherol, Hydrogenated Lecithin, Cholesterol. May Contain: CI 77891, CI 77491, CI 77492, CI 77499, CI 77947."
MAKE UP,https://wardah-mainsite.s3-ap-southeast-1.amazonaws.com/medias/products/variant-1655885007.png,COLORFIT,Refill Colorfit Perfect Glow Cushion SPF 33 PA++,82500,"Colorfit Perfect Glow Cushion kemasan refill merupakan base makeup dengan radiant (glow) finish dan formula yang ringan sehingga mampu menyatu dengan baik pada wajah untuk memberikan tampilan healthy-glow finish dengan SPF 33 PA++. Diformulasikan khusus dengan SkinMatch Technology untuk dapat menyatu sempurna dengan warna natural kulit dan memberikan high coverage untuk menutupi ketidaksempurnaan pada wajah. No greasy, no cakey, less oxidized formula.","Ambil bulk menggunakan puff yang disediakan dengan cara di tekan pada sponge, Aplikasikan cushion ke wajah dengan cara di tap-tap secara halus untuk hasil coverage yang optimal dan merata, Hindari gerakan menggeser agar hasilnya dapat lebih menyatu dengan kulit, Tutup rapat cushion setelah pemakaian","SkinMatch Technology
Glow Perfecting Pigment"
MAKE UP,https://wardah-mainsite.s3-ap-southeast-1.amazonaws.com/medias/products/variant-1631589850.png,FACE,Refill Lightening Powder Foundation Extra Cover,41000,Say no more to unmatched shades!,Ulaskan pada wajah dengan cara tap-tap menggunakan sponge.,"Mica, Talc, Titanium Dioxide, Isopropyl Myristate, Silica, Zinc Stearate, Lauroyl Lysine, Dipentaerythrityl Hexahydroxystearate/Hexastearate/Hexarosinate, Octyldodecanol, Dimethicone, Dimethiconol Stearate, Phenoxyethanol, Triethoxycaprylylsilane, Ethylhexylglycerin, Aluminum Hydroxide, Hydrogen Dimethicone, BHT, Fragrance, Glycyrrhiza Glabra (Licorice) Root Extract, Tocopherol, Methicone. May Contain : CI 77492, CI 77891, CI 77491, CI 77499."
MAKE UP,https://wardah-mainsite.s3-ap-southeast-1.amazonaws.com/medias/products/variant-1631589242.png,FACE,Refill BB Cake Powder,59500,"Katakan bye-bye pada kilap berlebih wajahmu dan sapa rona cerahmu dengan Wardah Lightening BB Cake Powder! Bedak padat SPF 15 PA++ dengan Oil-Balancing Beads dan Lightfilter Fillers yang meKatakan bye-bye pada kilap berlebih wajahmu dan sapa rona cerahmu dengan Wardah Lightening BB Cake Powder! Bedak padat SPF 15 PA++ dengan Oil-Balancing Beads dan Lightfilter Fillers yang membuat kulit wajah normal-berminyak tampak bebas kilap, matte, cerah sepanjang hari. Diperkaya dengan Licorice Extract dan Vitamin B3 yang dikenal membantu proses pencerahan kulit wajah natural. Tersedia dalam 3 varian warna Sheer Pink, Light Beige, dan Ivory yang pas untuk setiap rona kulit beauty believer di dalam dirimu! Buat kulit wajah normal-berminyak tampak bebas kilap, matte, cerah sepanjang hari. Diperkaya dengan Licorice Extract dan Vitamin B3 yang dikenal membantu proses pencerahan kulit wajah natural.","Usapkan lembut pada seluruh wajah, terutama T-Zone setelah menggunakan Wardah Lightening BB Cream.","Talc, Titanium Dioxide, Ethylhexyl Methoxycinnamate, Silica, Isopropyl Myristate, Nylon-12, Octyldodecanol, Dipentaerythrityl Hexahydroxystearate/Hexastearate/Hexarosinate, Zinc Oxide, PCA Dimethicone, Phenoxyethanol, Hydrogen Dimethicone, HDI/Trimethylol Hexyllactone Crosspolymer, Dimethicone, Polymethyl Methacrylate, Ethylhexylglycerin, Triethoxycaprylylsilane, Aluminum Hydroxide, Glycyrrhiza Glabra (Licorice) Root Extract, Methicone, Silicon Dioxide (Silica), Fragrance, Tocopheryl Acetate, Tocopherol.May Contain :CI 77491, CI 77492, CI 77499"
MAKE UP,https://wardah-mainsite.s3-ap-southeast-1.amazonaws.com/medias/products/variant-1631354809.png,FACE,Refill Lightening Powder Foundation,36500,Say no more to unmatched shades!,Ulaskan pada wajah dengan cara tap-tap menggunakan sponge.,"Mica, Talc, Aluminum Starch Octenylsuccinate, Dimethicone, Titanium Dioxide, Diisostearyl Malate, Polymethyl Methacrylate, Dimethiconol Stearate, Triethoxycaprylylsilane, Phenoxyethanol, Silica, Ethylhexylglycerin, Hydrogen Dimethicone, Aluminum Hydroxide, Isopropyl Titanium Triisostearate, Methicone, Fragrance, Tocopheryl Acetate, Glycyrrhiza Glabra (Licorice) Root Extract, Tocopherol. May Contain: CI 77891, CI 77492, CI 77491, CI 77499."
MAKE UP,https://wardah-mainsite.s3-ap-southeast-1.amazonaws.com/medias/products/variant-1631353806.png,FACE,Refill Exclusive Two Way Cake,53500,"Lustrous Matte & Velvety Texture. Perpaduan butiran velvet powder dan foundation SPF 15 yang memiliki Soft Focus Agent untuk menyamarkan garis halus dan kerutan, mampu menyerap minyak berlebih sehingga menghasilkan tampilan akhir matte. Wet Process Technology dapat menghasilkan tekstur partikel sangat halus untuk make-up ringan natural tetapi tetap cover sepanjang hari. Dilengkapi dengan Moisture Oleo Complex sebagai extra moisturizer dan antioksidan dalam menjaga kulit tetap sehat.","Gunakan Moisturizer dari Wardah Skin Care Series. Untuk tampilan lebih optimal gunakan terlebih dahulu Foundation, BB Cream atau DD Cream Aplikasikan secara merata pada wajah dan leher menggunakan spons.","Mica, Talc, Titanium Dioxide, Zinc Myristate, Squalane, Dimethicone, Methyl Methacrylate Crosspolymer, PTFE, Silica, Polymethyl Methacrylate, HDI/Trimethylol Hexyllactone Crosspolymer, Dipentaerythrityl Hexahydroxystearate/Hexastearate/Hexarosinate, Dimethiconol Stearate, Hydrogen Dimethicone, C9-15 Fluoroalcohol Phosphate, Aluminum Hydroxide, Methicone, Quaternium-15, Macadamia Ternifolia Seed Oil, Fragrance, Tocopheryl Acetate, Glycine Soja (Soybean) Oil, Persea Gratissima (Avocado) Oil, Simmondsia Chinensis (Jojoba) Seed Oil, Bisabolol, Phenoxyethanol, Isobornyl Acetate, Calendula Officinalis Flower Extract, Chamomilla Recutita (Matricaria) Flower Extract, Fucus Vesiculosus Extract, Triticum Vulgare (Wheat) Bran Extract, BHT, Linoleic Acid, Tocopherol, Triethoxycaprylysilane.May Contain: CI 77891, CI 77492, CI 77491, CI 77499"
MAKE UP,https://wardah-mainsite.s3-ap-southeast-1.amazonaws.com/medias/products/variant-1631353048.png,FACE,Refill Exclusive Flawless Cover Cushion,90000,"Cushion dengan hasil natural glow, full coverage finish yang tahan lama hingga 10 jam dan memiliki Non comedogenic formula yang membuat kulitmu cantik cerah bercahaya serta terlindungi dari paparan sinar matahari karena adanya SPF 30 PA+++",Gunakan dengan puff untuk hasil yang maksimal,"Aqua, Cyclopentasiloxane, Ethylhexyl Methoxycinnamate, Butylene Glycol, Polymethylsilsesquioxane, Isodecyl Neopentanoate, Lauryl PEG-9 Polydimethylsiloxyethyl Dimethicone, Titanium Dioxide, Triethoxycaprylylsilane, Octyldodecyl Stearoyl Stearate, PEG-10 Dimethicone, Zinc Oxide, Boron Nitride, Magnesium Sulfate, Phenoxyethanol, Propanediol, Ethylhexyl Palmitate, Polysorbate 80, Disteardimonium Hectorite, Polyhydroxystearic Acid, 1, 2-Hexanediol, Silica, Aluminum Hydroxide, Acrylates/Behenyl Acrylate/Dimethicone Methacrylate Copolymer, Acrylates/Ethylhexyl Acrylate/Dimethicone Methacrylate Copolymer, Macadamia Ternifolia Seed Oil, Persea Gratissima (Avocado) Oil, Simmondsia Chinensis (Jojoba) Seed Oil, Calendula Officinalis Flower Extract, Chamomilla Recutita (Matricaria) Flower Extract, Fucus Vesiculosus Extract, Triticum Vulgare (Wheat) Bran Extract, Glycine Soja (Soybean) Oil, Propylene Carbonate, BHT, Linoleic Acid, Disodium EDTA, Dimethicone, Cyclotetrasiloxane, Ethylhexylglycerin, Bisabolol, Tocopherol, Isobornyl Acetate.May Contain :CI 77891, CI 77492, CI 77491, CI 77499."
MAKE UP,https://wardah-mainsite.s3-ap-southeast-1.amazonaws.com/medias/products/slides-2-1648548121.webp,FACE,Exclusive Glowing Highlighter,69500,"Exclusive Glowing Highlighter merupakan highlighter yang memberikan efek glowing natural pada wajah dan tahan lama seharian. Memiliki tekstur yang creamy dengan partikel shimmer yang halus dan warna yang cocok di setiap warna kulit, memberikan efek highlight dimensi wajah yang tampak sempurna.","Gunakan highlighter di step akhir penggunaan make up. Bisa diaplikasikan pada bagian wajah berikut:, Tulang pipi, ujung & tulang hidung, dagu, tulang alis, cupid bow untuk membuat look glowing & wajah tampak berdimensi, bisa juga digunakan di area mata (sudut mata bagian dalam, tulang alis) untuk membuat mata tampak lebih menonjol, atau digunakan di kelopak mata sebagai pengganti eyeshadow, agar mata tampak lebih bersinar.",
MAKE UP,https://wardah-mainsite.s3-ap-southeast-1.amazonaws.com/medias/products/variant-1624980314.png,"COLORFIT, FACE",Colorfit Velvet Powder Foundation Refill,43200,Wardah Colorfit Velvet Powder Foundation merupakan kombinasi foundation dan bedak yang terasa halus untuk memberikan coverage yang natural namun buildable (dapat diatur untuk medium hingga high coverage). Mampu memberikan finish yang dapat menyatu dengan baik wajah dan mampu menyamarkan pori serta menahan minyak secara tahan lama hingga 12 jam.,"1. Aplikasikan bedak pada wajah dengan menggunakan spons, 2. Lipat spons menjadi dua bagian untuk meratakan powder foundation di daerah bawah mata","Talc, Titanium Dioxide, Ethylhexyl Methoxycinnamate, Silica, Isopropyl Myristate, Nylon-12, Octyldodecanol, Dipentaerythrityl Hexahydroxystearate/Hexastearate/Hexarosinate, Phenoxyethanol, Triethoxycaprylylsilane, PCA Dimethicone, Aluminum Hydroxide, Dimethicone, HDI/Trimethylol Hexyllactone Crosspolymer, Hydrogen Dimethicone, Polymethyl Methacrylate, Ethylhexylglycerin, Methicone, Fragrance, Tocopheryl Acetate, Glycerin, Caprylic/Capric Triglyceride, Aqua, Centella Asiatica Extract, Tocopherol, Hydrogenated Lecithin, Cholesterol. May Contain: CI 77891, CI 77491, CI 77492, CI 77499, CI 77947."
MAKE UP,https://wardah-mainsite.s3-ap-southeast-1.amazonaws.com/medias/products/variant-1623141979.png,LIPS,Lip Balm Picnic Limited Edition,18200,"Wardah Lip Balm Picnic Limited Edition merupakan limited edition lip balm wardah yang mengandung Vit.E + UV Protection mampu membuat kulit bibir halus, lembut, tidak pecah-pecah. Dengan tekstur creamy, tidak lengkat, tidak membuat bibir terlihat berminyak. Aroma segar dan menenangkan membuat bibirmu tetap lembab selama 8 jam",Oleskan pada bibir sebelum menggunakan lip product untuk menjaga kelembapannya,"Petrolatum, Ethylhexyl Palmitate, Polyethylene, Bis-Diglyceryl Polyacyladipate-2, Ethylhexyl Methoxycinnamate, Crambe Abyssinica Seed Oil, Ozokerite, Olive (Olea Europaea) Oil, Shea Butter (Butyrospermum Parkii), Phenoxyethanol, Jojoba Esters, Fragrance, Simmondsia Chinensis (Jojoba) Seed Oil, Ethylhexylglycerin, Helianthus Annuus (Sunflower) Seed Wax, Allantoin, Tocopheryl Acetate, BHT, Butylene Glycol, Aloe Vera (Leaf) Extract, Soybean Oil, Vanillyl Butyl Ether, Aqua, Acacia Decurrens Flower Wax, Polyglycerin-3, Vitis Vinifera (Grape) Seed Extract, Tocopherol, CI 45410."
MAKE UP,https://wardah-mainsite.s3-ap-southeast-1.amazonaws.com/medias/products/variant-1618805575.png,"COLORFIT, FACE",Colorfit Mattifying Powder,76950,Wardah Colorfit Mattifying Powder merupakan bedak tabur dengan UV A/B Protection yang halus untuk wajah bebas kilap dan hasil akhir matte. Diformulasikan khusus dengan SkinMatch Technology untuk dapat menyatu sempurna dengan warna natural kulitmu dan memberikan efek oil control pada wajah.,"1. Aplikasikan Wardah Colorfit Mattifying Powder pada wajah dengan menggunakan spons atau kuas, 2. Baurkan hingga merata dan sesuai dengan hasil aplikasi yang diinginkan","Talc, Corn (Zea Mays) Starch, Zinc Oxide, Titanium Dioxide, Mica, Zinc Stearate, Phenoxyethanol, Dimethicone, Ethylhexylglycerin, Aluminum Hydroxide, Hydrogen Dimethicone, Fragrance, Glycerin, Caprylic/Capric Triglyceride, Aqua, Centella Asiatica Extract, Tocopherol, Hydrogenated Lecithin, Cholesterol. May Contain : CI 77492, CI 77491, CI 77499."
MAKE UP,https://wardah-mainsite.s3-ap-southeast-1.amazonaws.com/medias/products/variant-1623034188.png,"COLORFIT, LIPS",Colorfit Last All Day Lip Paint,59670,Wardah Colorfit Last All Day Lip Paint adalah liquid lip dengan tekstur creamy yang mudah dibaurkan dan intense dalam satu usapan (cover in one stroke). Formulanya yang tidak transfer (transferproof) dan tahan lama (longlasting) hingga 12 jam sehingga nyaman digunakan seharian.,"Aplikasikan lipstik pada bibir., Gunakan aplikator untuk merapikan pulasan lipstik hingga ke bagian ujung bibir dengan one swipe coverage, Gunakan hingga seluruh warna merata di bibir cantikmu.","Isododecane, Bis-Hydroxylauryl Dimethicone/IPDI Copolymer, Cyclopentasiloxane, Trisiloxane, Trimethylsiloxysilicate, Diisostearyl Malate, Hydrated Silica, Silica Dimethyl Silylate, Disteardimonium Hectorite, Cyclohexasiloxane, Propylene Carbonate, Phenoxyethanol, Ethylhexylglycerin, Aluminum Hydroxide, Tocopheryl Acetate, Triethoxycaprylylsilane, Fragrance, Cyclotetrasiloxane, Tocopherol. May Contain :CI 77891, CI 77492, CI 15850:2, CI 15850:1, CI 77499, CI 77491, CI 15850, CI 42090."
MAKE UP,https://wardah-mainsite.s3-ap-southeast-1.amazonaws.com/medias/products/variant-1616379794.png,LIPS,Colorfit Velvet Matte Lip Mouse - Women's Day Special Edition,0,"Wardah Colorfit Velvet Matte Lip Mouse merupakan liquid lipstick dengan tekstur mousse yang nyaman dipakai di bibir. Diformulasikan khusus untuk membuat bibirmu nyaman menggunakannya, karena adanya kandungan: ","Gunakan Wardah Lipbalm atau Lipgloss sebelum menggunanakan lipstick yang bertujuan untuk melembabkan bibir., 1. Aplikasikan lipstik di bagian dalam bibir., 2. Gunakan ujung aplikator untuk merapikan pulasan lipstik hingga ke bagian ujung bibir.","Cyclopentasiloxane, Dimethicone, Isododecane, Bis-Hydroxylauryl Dimethicone/IPDI Copolymer, Polyglyceryl-2 Triisostearate, Trimethylsiloxysilicate, Vinyl Dimethicone/Methicone Silsesquioxane Crosspolymer, Silica, Dimethicone/Vinyl Dimethicone Crosspolymer, Divinyldimethicone/Dimethicone Crosspolymer, Isohexadecane, Disteardimonium Hectorite, Propylene Carbonate, Phenoxyethanol, Ethylhexylglycerin, Methicone, Tocopheryl Acetate, Aluminum Hydroxide, Triethoxycaprylylsilane, Fragrance, Tocopherol.  May Contain :  CI 45410, CI 15850, CI 15850:1, CI 15850:2, CI 42090, CI 77491, CI 77492, CI 77499, CI 77891."
MAKE UP,https://wardah-mainsite.s3-ap-southeast-1.amazonaws.com/medias/products/variant-1616378606.png,"COLORFIT, LIPS",Colorfit Ultralight Matte Lipstick Korea Edition,39600,"Wardah Colorft Ultralight Matte Lipstick Korea Edition adalah lipstik dengan tekstur powdery yang lembut dan sangat ringan sehingga nyaman dipakai di bibir, dengan warna baru yang terinspirasi dari destinasi wisata di Korea Selatan.","1. Ulaskan di bibir secara merata, 2. Ombre dengan warna Wardah Colorft Ultralight Matte Lipstick Korea Edition lainnya",
MAKE UP,https://wardah-mainsite.s3-ap-southeast-1.amazonaws.com/medias/products/variant-1602825810.png,LIPS,Exclusive Matte Lip Cream X Ayang Cempaka,63000,"Lip cream lembut dengan pilihan warna untuk bibir yang memukau. Dengan colorbinding pigments dan vitamin E, Wardah Exclusive Matte Lip Cream tidak membuat bibir kering dan nyaman dipakai sepanjang hari dan dapat bertahan 6 – 8 jam.

Keunggulan produk ini adalah:
1. Warna intens dalam satu olesan
2. Mudah diaplikasikan dan diratakan
3. Tekstur yang lembut, ringan, dan lembab
4. Hasil matte dan tahan lama",Gunakan Wardah Lip Balm atau Lipgloss sebelum menggunakan lipstik yang bertujuan untuk melembapkan bibir.1. Aplikasikan lipstik di bagian dalam bibir2. Gunakan ujung aplikator untuk merapikan pulasan lipstik hingga ke bagian ujung bibir3. Gunakan hingga seluruh warna merata di bibir cantikmu,
MAKE UP,https://wardah-mainsite.s3-ap-southeast-1.amazonaws.com/medias/products/variant-1594712983.png,"EYE, FACE",Lightening Liquid Concealer,41000,Wardah Lightening Liquid Concealer adalah concealer dengan medium-to-high coverage untuk menutupi noda hitam dan bekas jerawat di wajah. Formula ringan dan nyaman untuk digunakan sehari-hari.,Titikkan Wardah Lightening Liquid Concealer secukupnya pada area yang diperlukan (bawah mata/ bekas jerawat),"Aqua, Cyclopentasiloxane, Phenyl Trimethicone, Cyclohexasiloxane, Butylene Glycol, Triethylhexanoin, Cetyl PEG/PPG-10/1 Dimethicone, PEG-10 Dimethicone, Disteardimonium Hectorite, Magnesium Sulfate, Phenoxyethanol, Silica, Triethoxycaprylylsilane, Aluminum Hydroxide, Niacinamide, Dimethicone/Vinyl Dimethicone Crosspolymer, Ethylhexylglycerin, Isopropyl Titanium Triisostearate, Allantoin, Disodium EDTA. May Contain : CI 77891, CI 77492, CI 77491, CI 77499."
MAKE UP,https://wardah-mainsite.s3-ap-southeast-1.amazonaws.com/medias/products/variant-1594712458.png,FACE,Lightening Liquid Foundation,50500,"Wardah Lightening Liquid Foundation adalah liquid foundation yang terasa ringan dan nyaman digunakan sehari-hari. Memilki coverage medium, mencerahkan, dan tahan lama hingga 12 jam.","1. Aplikasikan Wardah Lightening Liquid Foundation secukupnya pada wajah, 2. Ratakan ke seluruh wajah menggunakan tangan/brush/ sponge, 3. Wajah cerahmu siap untuk menjalani aktivitas","Aqua, Cyclopentasiloxane, Dimethicone, Propanediol, Ethylhexyl Methoxycinnamate, Phenyl Trimethicone, Niacinamide, Polymethyl Methacrylate, Vinyl Dimethicone/Methicone Silsesquioxane Crosspolymer, Trehalose, PEG/PPG-18/18 Dimethicone, Magnesium Sulfate, Divinyldimethicone/Dimethicone Crosspolymer, Phenoxyethanol, Polyhydroxystearic Acid, Polymethylsilsesquioxane, Silica, Sorbitan Olivate, Tocopheryl Acetate, Aluminum Hydroxide, Hydrogen Dimethicone, Allantoin, Zinc Gluconate, Ethylhexylglycerin, Methicone, Disodium EDTA. May Contain :  CI 77891, CI 77492, CI 77491, CI 77499."
MAKE UP,https://wardah-mainsite.s3-ap-southeast-1.amazonaws.com/medias/products/slides-3-1656171860.webp,FACE,Perfect Bright BB Powder,24300,"Wardah Perfect Bright BB Powder dengan 7 Bright Mattifying Benefits merupakan bedak tabur yang ringan dan halus, memberikan tampilan instant whitening (cerah seketika) dengan hasil matte dan dapat membantu mengontrol minyak agar wajah bebas kilap hingga 8 jam.","1. Tuangkan bedak pada telapak tangan / sponge / brush, 2. Aplikasikan pada wajah hingga merata",
MAKE UP,https://wardah-mainsite.s3-ap-southeast-1.amazonaws.com/medias/products/variant-1586167758.png,FACE,Lightening Powder Foundation Extra Cover,60000,Say no more to unmatched shades!,Ulaskan pada wajah dengan cara tap-tap menggunakan sponge.,
MAKE UP,https://wardah-mainsite.s3-ap-southeast-1.amazonaws.com/medias/products/variant-1581664764.png,LIPS,Colorfit Ultralight Matte Lipstick,39600,"Wardah Colorfit Ultralight Matte Lipstick diformulasikan menggunakan teknologi color powder pigment sehingga menghasilkan hasil powdery matte yang ringan, halus, dan tetap menjaga kelembabab bibir karena diperkaya dengan vitamin E",Gunakan Wardah Lipbalm atau Lipgloss sebelum menggunanakan lipstick yang bertujuan untuk melembabkan bibir.,"Dimethicone, Isononyl Isononanoate, Ozokerite, Hydrogenated Polyisobutene, Dimethicone Crosspolymer, Hydrogenated Jojoba Oil, Phenyl Trimethicone, Bis-Diglyceryl Polyacyladipate-2, Isohexadecane, Silica, Tridecyl Trimellitate, Vinyl Dimethicone/Methicone Silsesquioxane Crosspolymer, Isostearyl Isostearate, Phenoxyethanol, Ethylhexylglycerin, BHT, Tocopheryl Acetate, Isopropyl Myristate, Fragrance, Isopropyl Titanium Triisostearate, Stearalkonium Hectorite, Propylene Carbonate, Polyhydroxystearic Acid, Tocopherol.  May Contain :  CI 77891, CI 77492, CI 77491, CI 15850, CI 15850:2, CI 77742, CI 15850:1, CI 77499, CI 77019."
MAKE UP,https://wardah-mainsite.s3-ap-southeast-1.amazonaws.com/medias/products/variant-1575454967.png,EYE,Eyeshadow EyeXpert Passionate,48500,Sapuan warna intens untuk menunjolkan keindahan mata. Dikombinaskan dalam tiga warna sempurna untuk membantu mengekspresikan bentuk terbaik dari matamu. Terbuat dari Microcoated Particle yang nyaman dan lembut saar diaplikasikan. Tersedia dalam 14 kombinasi warna yang sulit untuk dilewatkan ,1. Aplikasikan Wardah Eyeshadow favorite mu ke bagian kelopak mata mu.,
MAKE UP,https://wardah-mainsite.s3-ap-southeast-1.amazonaws.com/medias/products/variant-1575454850.png,EYE,Eyeshadow EyeXpert Classic,48500,Sapuan warna intens untuk menunjolkan keindahan mata. Dikombinaskan dalam tiga warna sempurna untuk membantu mengekspresikan bentuk terbaik dari matamu. Terbuat dari Microcoated Particle yang nyaman dan lembut saar diaplikasikan. Tersedia dalam 14 kombinasi warna yang sulit untuk dilewatkan ,1. Aplikasikan Wardah Eyeshadow favorite mu ke bagian kelopak mata mu.,
MAKE UP,https://wardah-mainsite.s3-ap-southeast-1.amazonaws.com/medias/products/variant-1575450687.png,EYE,Exclusive Eyeshadow Palette Sunset Brown,101500,"Wardah Exclusive Eyeshadow Palette dengan formula intense color, smooth silky texture & blendable, dan longwearing membuat tampilan riasan mata semakin memukau. Eyeshadow yang tersedia dalam 2 varian warna yaitu 01 Sunset Brown dan 02 Rose Glow, yang memiliki formula khusus :","Aplikasikan produk pada kelopak mata dengan menggunakan tap brush., Ratakan produk dengan menggunakan blendable brush.",
MAKE UP,https://wardah-mainsite.s3-ap-southeast-1.amazonaws.com/medias/products/variant-1575450462.png,EYE,Exclusive Eyeshadow Palette Rose Gold,101500,"Wardah Exclusive Eyeshadow Palette dengan formula intense color, smooth silky texture & blendable, dan longwearing membuat tampilan riasan mata semakin memukau. Eyeshadow yang tersedia dalam 2 varian warna yaitu 01 Sunset Brown dan 02 Rose Glow, yang memiliki formula khusus :","Aplikasikan produk pada kelopak mata dengan menggunakan tap brush., Ratakan produk dengan menggunakan blendable brush.",
MAKE UP,https://wardah-mainsite.s3-ap-southeast-1.amazonaws.com/medias/products/variant-1575448722.png,FACE,Blush On D,46000,The Perfect Blush is what you need. Kombinasi dua pigmen warna pilihan yang memiliki kandungan Microcoated Particle membuat pipi merona sempurna dan lebih berseri. Tersedia dalam 4 kombinasi warna yang cantik dan natural sehingga cocok untuk semua warna kulit.,1. Gunakan brush yang tersedia untuk aplikasi pada wajah.,
MAKE UP,https://wardah-mainsite.s3-ap-southeast-1.amazonaws.com/medias/products/variant-1575448691.png,FACE,Blush On C,46000,The Perfect Blush is what you need. Kombinasi dua pigmen warna pilihan yang memiliki kandungan Microcoated Particle membuat pipi merona sempurna dan lebih berseri. Tersedia dalam 4 kombinasi warna yang cantik dan natural sehingga cocok untuk semua warna kulit.,1. Gunakan brush yang tersedia untuk aplikasi pada wajah.,
MAKE UP,https://wardah-mainsite.s3-ap-southeast-1.amazonaws.com/medias/products/variant-1575448643.png,FACE,Blush On B,46000,The Perfect Blush is what you need. Kombinasi dua pigmen warna pilihan yang memiliki kandungan Microcoated Particle membuat pipi merona sempurna dan lebih berseri. Tersedia dalam 4 kombinasi warna yang cantik dan natural sehingga cocok untuk semua warna kulit.,1. Gunakan brush yang tersedia untuk aplikasi pada wajah.,
MAKE UP,https://wardah-mainsite.s3-ap-southeast-1.amazonaws.com/medias/products/variant-1575448614.png,FACE,Blush On A,46000,The Perfect Blush is what you need. Kombinasi dua pigmen warna pilihan yang memiliki kandungan Microcoated Particle membuat pipi merona sempurna dan lebih berseri. Tersedia dalam 4 kombinasi warna yang cantik dan natural sehingga cocok untuk semua warna kulit.,1. Gunakan brush yang tersedia untuk aplikasi pada wajah.,
MAKE UP,https://wardah-mainsite.s3-ap-southeast-1.amazonaws.com/medias/products/slides-1573557775.png,EYE,EyeXpert Perfect Curl Mascara,67500,"Dengan Curl Lock Power untuk bulu mata yang lebih tebal, panjang, dan lentik sempurna sepanjang hari serta Argan Oil untuk nutrisi bulu mata.",Apply the product to your eyelashes.,
MAKE UP,https://wardah-mainsite.s3-ap-southeast-1.amazonaws.com/medias/products/variant-1586778880.png,FACE,Lightening Powder Foundation,54000,"Say no more to unmatched shades! Formulated with Microbright Formula, UV Protection and 12-Hour-Long-Lasting Formula, this is what you need for! Available in 7 shades.",Apply the product evenly by tapping using the sponge.,"Mica, Talc, Aluminum Starch Octenylsuccinate, Dimethicone, Titanium Dioxide, Diisostearyl Malate, Polymethyl Methacrylate, Dimethiconol Stearate, Triethoxycaprylylsilane, Phenoxyethanol, Silica, Ethylhexylglycerin, Hydrogen Dimethicone, Aluminum Hydroxide, Isopropyl Titanium Triisostearate, Methicone, Fragrance, Tocopheryl Acetate, Glycyrrhiza Glabra (Licorice) Root Extract, Tocopherol. May Contain: CI 77891, CI 77492, CI 77491, CI 77499."
MAKE UP,https://wardah-mainsite.s3-ap-southeast-1.amazonaws.com/medias/products/variant-1581667813.png,LIPS,Everyday Moisture Lip Nutrition,27500,"Membuat kulit bibir halus, lembut, tidak pecah-pecah. Dengan tekstur creamy, tidak lengket, dan tidak membuat bibir berminyak serta membuat bibi lembab selama 12 jam.",Olesakn pada bibirmu untuk menjaga kelembapannya,
MAKE UP,https://wardah-mainsite.s3-ap-southeast-1.amazonaws.com/medias/products/variant-1581667553.png,LIPS,Everyday Fruity Sheer Lip Balm,26000,"Lip balm yang membuat kulit bibir halus, lembut, tidak pecah-pecah. dengan tekstur creamy, tidak lengkat, tidak membuat bibir terlihat berminyal. Aroma segar dan menenangkan membuat bibirmu tetap lembab selama 8 jam.",oleskan pada bibir untuk menjaga kelembapannya.,
MAKE UP,https://wardah-mainsite.s3-ap-southeast-1.amazonaws.com/medias/products/variant-1573545862.png,FACE,Exclusive Flawless Cover Cushion,126900,"Cushion dengan hasil natural glow, full coverage finish yang tahan lama hingga 10 jam dan memiliki Non comedogenic formula yang membuat kulitmu cantik cerah bercahaya serta terlindungi dari paparan sinar matahari karena adanya SPF 30 PA+++",Gunakan dengan puff untuk hasil yang maksimal,"Aqua, Cyclopentasiloxane, Ethylhexyl Methoxycinnamate, Butylene Glycol, Polymethylsilsesquioxane, Isodecyl Neopentanoate, Lauryl PEG-9 Polydimethylsiloxyethyl Dimethicone, Titanium Dioxide, Triethoxycaprylylsilane, Octyldodecyl Stearoyl Stearate, PEG-10 Dimethicone, Zinc Oxide, Boron Nitride, Magnesium Sulfate, Phenoxyethanol, Propanediol, Ethylhexyl Palmitate, Polysorbate 80, Disteardimonium Hectorite, Polyhydroxystearic Acid, 1, 2-Hexanediol, Silica, Aluminum Hydroxide, Acrylates/Behenyl Acrylate/Dimethicone Methacrylate Copolymer, Acrylates/Ethylhexyl Acrylate/Dimethicone Methacrylate Copolymer, Macadamia Ternifolia Seed Oil, Persea Gratissima (Avocado) Oil, Simmondsia Chinensis (Jojoba) Seed Oil, Calendula Officinalis Flower Extract, Chamomilla Recutita (Matricaria) Flower Extract, Fucus Vesiculosus Extract, Triticum Vulgare (Wheat) Bran Extract, Glycine Soja (Soybean) Oil, Propylene Carbonate, BHT, Linoleic Acid, Disodium EDTA, Dimethicone, Cyclotetrasiloxane, Ethylhexylglycerin, Bisabolol, Tocopherol, Isobornyl Acetate.  May Contain :  CI 77891, CI 77492, CI 77491, CI 77499."
MAKE UP,https://wardah-mainsite.s3-ap-southeast-1.amazonaws.com/medias/products/slides-1573146149.png,EYE,EyeXpert the Volume Expert Mascara,78000,"Jalani hari dengan lebih extra bersama Wardah Volume Expert Mascara! Dengan aplikasi Lash Precision Brush untuk bulu mata extra tebal, extra lentik yang menjangkau hingga sudut mata terdalam. Mengandung Intensified Waterproof Pigments untuk tatapan intens tanpa meninggalkan jejak pada kantong mata. Kilap dan kekuatan bulu mata tetap terjaga berkat nutrisi dari WideLashTM dan Argan Oil.",Aplikasikan pada bulu mata mulai dari pangkal hingga ujungnya dalam gerakan zigzag mengarah luar mata.,"Isododecane, Cyclopentasiloxane, Microcrystalline Wax, Disteardimonium Hectorite, Oryza Sativa Cera, Euphorbia Cerifera (Candelilla) Wax, Cyclohexasiloxane, Trimethylsiloxysilicate, Acrylates/Polytrimethyl Siloxymethacrylate Copolymer, Propylene Carbonate, Dextrin Palmitate, Phenyl Trimethicone, Aqua, Talc, Argania Spinosa Kernel Oil, Butylene Glycol, Silica, Phenoxyethanol, Glycerin, Polyglyceryl-4 Isostearate, Cetyl PEG/PPG-10/1 Dimethicone, Hexyl Laurate, Tocopheryl Acetate, Triethylene Glycol, Panthenol, Biotinoyl Tripeptide-1, CI 77499, CI 77266."
MAKE UP,https://wardah-mainsite.s3-ap-southeast-1.amazonaws.com/medias/products/slides-1573147109.png,EYE,Eye and Lip Make Up Remover,42000,Excellently Clean & Gentle on Eyes. Pembersih khusus eye and lip yang diformulasikan dengan Dual Action Formula & One Wipe Cleansing Power untuk pembersihan secara cepat sekaligus terasa lembut di mata dan bibir tanpa meninggalkan rasa berminyak. Formula alcohol-free sehingga nyaman digunakan dan tidak membuat kulit kering.,"1. Kocok terlebih dahulu dan tuangkan secukupnya pada kapas., 2. Mulailah dari mata. Pejamkan mata dan tempelkan kapas pada kelopak mata., 3. Diamkan selama 10-20 detik., 4. Usap perlahan ke arah bawh untuk mengangkat sisa make up hingga bersih, 5. Lanjutkan ke bagian bibir dengan cara yang sama.",
MAKE UP,https://wardah-mainsite.s3-ap-southeast-1.amazonaws.com/medias/products/slides-2-1615980662.jpg,EYE,Eyebrow Kit,64500,"All in one kit for your defined eyebrow. Terdiri dari dua warna eyebrow powder yang dapat dikombinasikan sesuai keinginan, juga concelear multi-fungsi yang dapat menyamarkan rambut halus di alis dan mempertegas bentuk alis, dilengkapi dengan mini angled brush untuk aplikasi yang persisi dan mini spoolie brush untuk merapikan rambut alis.","1. Bingkai alis dengan eyebrom powder menggunakan mini angled brush, 2. Warnai alis dengan eyebrow powder sesuai keinginan, 3. Sisir alis dengan mini spoolie brush, 4. Oleskan concealer di sekeliling alis dengan jari untuk mempertegas bentuk alis.","WARDAH Eyexpert Eyebrow (Concealer) : Aluminum Starch Octenylsuccinate, Mineral Oil (Paraffinum Liquidum), Paraffin Wax, Diisostearyl Malate, Microcrystalline Wax, Shea Butter (Butyrospermum Parkii), Beeswax, Isopropyl Myristate, Isopropyl Titanium Triisostearate, BHT, Propylparaben, Fragrance, Aluminum Hydroxide, Hydrogen Dimethicone, Methicone, CI 77891, CI 77492, CI 77491, CI 77499. WARDAH Eyexpert Eyebrow : Mica, Talc, Aluminum Starch Octenylsuccinate, Polyethylene, Polymethyl Methacrylate, Tricaprylin, Zinc Stearate, Triethoxycaprylylsilane, Phenoxyethanol, Hydrogen Dimethicone, Isopropyl Titanium Triisostearate, Methicone, Aluminum HydroxideMay Contain :CI 77491, CI 77492, CI 77499, CI 77891, CI 77266, CI 42090."
MAKE UP,https://wardah-mainsite.s3-ap-southeast-1.amazonaws.com/medias/products/variant-1573542429.png,EYE,Eyeliner Pencil,43000,Wardah Eyeliner Pencil diformulasikan khusus untuk kemudahan aplikasi dan presisi. Mempertegas garis mata secara praktis dan lembut dengan hasil yang natural.,"Aplikasikan dari arah dalam ke luar eyeliner dengan satu tarikan garis untuk hasil sempurna., Tips :, Gunakan Light Concealer pada Wardah Double Kit Function setelah menggunakan Eye Brow yang berfungsi sebagai highlighter di sekitar alis (menegaskan hasil alis yang telah dibuat).","Mica, Caprylic/Capric Triglyceride, Stearyl Dimethicone, Hydrogenated Palm Glycerides, Polyglyceryl-3 Methylglucose, Distearate, Cera Microcristallina, Octadecene, Synthetic Wax, Kaolin, Polyethylene, Tocopherol, Methylparaben, Propylparaben, Talc, Ascorbyl Palmitate. May Contain :CI 77499, CI 77891, CI 77007"
MAKE UP,https://wardah-mainsite.s3-ap-southeast-1.amazonaws.com/medias/products/variant-1636515308.png,EYE,Eyexpert Eyebrow Pencil Brown,34200,Kelembutan dan kemudahan aplikasi pensil eyebrow untuk mempertegas alis mata secara praktis dengan hasil yang natural. Dilengkapi dengan brow brush untuk menyisir alis dan membaurkan warna sehingga didapatkan hasil yang natural. Tersedia dalam 2 varian yang bisa disesuaikan dengan warna alis mata.,"1. Rapikan alis dengan brow brush., 2. Goreskan perlahan Eyebrow mulai dari tengah alis ke ujung belakang., 3. Isi bagian dalam alis, 4. Ratakan warna ke depan dengan brow brush sampai terbentuk alis yang sempurna.","Stearic Acid, Synthetic Japan Wax, Hydrogenated Microcrystalline Cera, Polybutene, Ceresin, Talc, Hydrogenated Castor Oil, Cera Microcristallina, Silica, Tocopherol, Ascorbyl Palmitate, BHT. May contain: CI 77499, CI 77491, CI 77492."
MAKE UP,https://wardah-mainsite.s3-ap-southeast-1.amazonaws.com/medias/products/variant-1573543134.png,FACE,Luminous Compact Powder,44000,Silky Texture for Luminous Skin Finish. Bedak padat yang memiliki kandungan Micro Coated Particle alami menghasilkan make-up halus dan natural. Ringan dan nyaman digunakan sepanjang hari. Dapat digunakan dengan atau tanpa foundation.,Aplikasikan secara merata pada wajah dan leher menggunakan spons.,
MAKE UP,https://wardah-mainsite.s3-ap-southeast-1.amazonaws.com/medias/products/variant-1575373206.png,FACE,Lightening Matte Powder,34500,Inovasi Skin Lightening System Microbright Formula dan Oil Contorl Agent. Bedak tabur ringan dengan Microbroght Formula yang membantu mencerahkan serta membuat kulit merasa lebih halus.,Tepukkan bedak pada wajah dengan menggunakan spons dan kuas.,"Talc, Corn Starch, Zinc Oxide, Zinc Stearate, Titanium Dioxide, Phenoxyethanol, Dimethicone, Ethylhexylglycerin, Aluminum Hydroxide, Hydrogen Dimethicone, Fragrance, Tocopherol, Glycyrrhiza Glabra (Licorice) Root Extract. May Contain : CI 77492, CI 77491, CI 77499."
MAKE UP,https://wardah-mainsite.s3-ap-southeast-1.amazonaws.com/medias/products/variant-1575284269.png,FACE,Lightening BB Cake Powder,59500,"Katakan bye-bye pada kilap berlebih wajahmu dan sapa rona cerahmu dengan Wardah Lightening BB Cake Powder! Bedak padat SPF 15 PA++ dengan Oil-Balancing Beads dan Lightfilter Fillers yang meKatakan bye-bye pada kilap berlebih wajahmu dan sapa rona cerahmu dengan Wardah Lightening BB Cake Powder! Bedak padat SPF 15 PA++ dengan Oil-Balancing Beads dan Lightfilter Fillers yang membuat kulit wajah normal-berminyak tampak bebas kilap, matte, cerah sepanjang hari. Diperkaya dengan Licorice Extract dan Vitamin B3 yang dikenal membantu proses pencerahan kulit wajah natural. Tersedia dalam 3 varian warna Sheer Pink, Light Beige, dan Ivory yang pas untuk setiap rona kulit beauty believer di dalam dirimu! Buat kulit wajah normal-berminyak tampak bebas kilap, matte, cerah sepanjang hari. Diperkaya dengan Licorice Extract dan Vitamin B3 yang dikenal membantu proses pencerahan kulit wajah natural.","Usapkan lembut pada seluruh wajah, terutama T-Zone setelah menggunakan Wardah Lightening BB Cream.","Talc, Titanium Dioxide, Ethylhexyl Methoxycinnamate, Silica, Isopropyl Myristate, Nylon-12, Octyldodecanol, Dipentaerythrityl Hexahydroxystearate/Hexastearate/Hexarosinate, Zinc Oxide, PCA Dimethicone, Phenoxyethanol, Hydrogen Dimethicone, HDI/Trimethylol Hexyllactone Crosspolymer, Dimethicone, Polymethyl Methacrylate, Ethylhexylglycerin, Triethoxycaprylylsilane, Aluminum Hydroxide, Glycyrrhiza Glabra (Licorice) Root Extract, Methicone, Silicon Dioxide (Silica), Fragrance, Tocopheryl Acetate, Tocopherol.May Contain :CI 77491, CI 77492, CI 77499"
MAKE UP,https://wardah-mainsite.s3-ap-southeast-1.amazonaws.com/medias/products/variant-1573543019.png,FACE,Luminous TWC,50500,"Silky Texture for Luminous Skin Finish. Perpaduan bedak dan foundation diformulasikan dengan Micro Coated Particle meratakan dan menyamarkan noda di wajah. Tekstur lembut dan ringan menghasilkan warna kulit lebih merata, tampak alami, dan bebas kilap. Dilengkapi dengan Vitamin E sebagai moisturizer dan antioksidan.",Aplikasikan secara merata pada wajah dan leher menggunakan spons.,"Talc, Mica, Polymethyl Methacrylate, Diisostearyl Malate, Dimethicone, Nylon-12, Squalane, Dimethiconol Stearate, Silica, Hydrogen Dimethicone, Quaternium-15, Fragrance, Methicone, Tocopheryl Acetate, Aluminum Hydroxide, Methicone May contain: CI 77891, CI 77492, CI 77491, CI 77499"
MAKE UP,https://wardah-mainsite.s3-ap-southeast-1.amazonaws.com/medias/products/variant-1573543540.png,FACE,Luminous Face Powder,43000,"Silky Texture for Luminous Skin Finish. Face Powder non-comedogenic yang ringan mengandung Micro Coated Particle sehingga membuat tata rias lebih tahan lama natural di kulit wajah dengan hasil akhir matte. Berperan sebagai oil control dalam menyerap minyak berlebih. Dapat digunakan dengan atau tanpa foundation, dan juga sebagai sentuhan akhir make-up.",Aplikasikan secara merata pada wajah dan leher menggunakan spons.,"Talc, Mica, Kaolin, Corn (Zea Mays) Starch, Zinc Stearate, Silica, Isopropyl Myristate, Hydrogen Dimethicone, Quaternium-15, Methicone, Fragrance, Aluminum Hydroxide May contain: CI 77891, CI 77492, CI 77491, CI 77499"
MAKE UP,https://wardah-mainsite.s3-ap-southeast-1.amazonaws.com/medias/products/variant-1629426670.png,FACE,Luminous Liquid Foundation,40000,Even out skin tone & Covers Imperfections. Liquid Foundation dengan tekstur ringan diformulasikan untuk membantu menyamarkan warna kulit tidak merata dan melindungi dari pengaruh buruk sinar matahari. Tidak lengket dan nyaman digunakan setiap hari.,"1. Oleskan tipis merata ke arah bawah searah bulu halus di wajah, 2. Gunakan kuas khusus foundation atau langsung dengan jari tangan, 3. Aplikasikan ke seluruh wajah, dimulai dari dahi, pipi, dan diakhiri pada bagian dagu., Tips :, Bagi kulit kering, gunakan Moisturizer dari Wardah Skin Care Series terlebih dahulu. Setelah pemakaian Foundation, gunakan Wardah Powder untuk hasil akhir optimal matte-finish.","Aqua, Dimethicone, Cyclotetrasiloxane, Cyclopentasiloxane, Glycerin, Octamethylcyclotetrasiloxane, Mica, PEG/PPG-20/15, Polymethyl Methacrylate, Sodium Chloride, Decamethylcyclopentasiloxane, Sorbitan Oleate, Dimethicone Crosspolymer, Fragrance, Methylparaben, Propylparaben, Hydrogen Dimethicone, Dimethicone/Vinyl Dimethicone Crosspolymer, Dimethiconol, Aluminum Hydroxide, Methicone. May Contain :CI 77891, CI 77492, CI 77491, CI 77499"
MAKE UP,https://wardah-mainsite.s3-ap-southeast-1.amazonaws.com/medias/products/variant-1583803517.png,FACE,Luminous  Creamy Foundation,38000,"Smooth and Light Feel, Looks Like Second Skin. Creamy Foundation Light Feel dengan tekstur ringan, lembut. dan membuat make-up natural tahan lama. Memiliki kandungan untuk menyamarkan noda hitam dan bekas jerawat. Tidak membuat kulit mengkilap dan mudah luntur. Cocok untuk digunakan pada hari spesial-mu!","1. Oleskan tipis merata ke arah bawah searah bulu halus di wajah, 2. Gunakan kuas khusus foundation atau langsung dengan jari tangan, 3. Aplikasikan ke seluruh wajah, dimulai dari dahi, pipi, dan diakhiri pada bagian dagu., Tips :, Bagi kulit kering, gunakan Moisturizer dari Wardah Skin Care Series terlebih dahulu. Setelah pemakaian Foundation, gunakan Wardah Powder untuk hasil akhir optimal matte-finish.",
MAKE UP,https://www.wardahbeauty.com/assets/images/dummy.png,"WISUDA UI 2021, FACE",Double Function Kit,53500,"2+1 Flawless Action. Paduan dua warna concealer membantu menyamarkan jerawat, flek, dan kantung mata serta dapat digunakan sebagai highlighter pada daerah mata dan shading wajah untuk penampilan yang sempurna. Dilengkapi dengan eye shadow base untuk tata rias mata yang tahan lama. Tersedia dalam kemasan praktis dan travel-friendly.","1. Pertama, oleskan Dark Concealer pada jerawat/flek/kantung mata sebelum menyapukan bedak., 2. Oleskan pula Eyeshadow Base pada kelopak mata sebelum mengulaskan perona mata., 3. Oleskan Light Concealer disekitar mata dan alis setelah menggunakan perona mata dan pewarna alis., 4. Setelah aplikasi, bersihkan kelebihan powder pada aplikator dengan menggunakan tissue., 5. Bisa juga dibersihkan berkala dengan menggunakan kapas yang sudah dibasahi dengan Wardah Make-Up Remover. Hal ini dilakukan untuk menghindari penumpukkan powder pada aplikator., Tips :, Gunakan Wardah Powder setelah menutupi noda atau flek pada wajah dengan Dark Concealer. Gunakan Wardah Eye Shadow setelah menggunakan Eyeshadow Base. Gunakan Wardah Eye Brow, Maskara, dan/atau Eyeshadow sebelum menggunakan Light Concealer yang berfungsi sebagai highlighter.",
MAKE UP,https://wardah-mainsite.s3-ap-southeast-1.amazonaws.com/medias/products/variant-1583741266.png,FACE,BB Cream Every Day,29000,"Water Break Technology dapat melepaskan bulir-bulir air yang memberikan kesegaran dan efek lembab seketika. Membantu menyamarkan ketidaksempurnaan, warna kulit tidak merata, dan membuat kulit terlihat lebih halus. Kandungan Aloe Vera Extract & Bio-Hyaluronic Acid dapat menutrisi kulit tetap sehat. Kombinasi Witch Hazel extract & Zinc Gluconate berfungsi sebagai oil control, membantu meringkas pori-pori, dan mengatur produksi sebum sehingga kulit tampak bebas kilap lebih lama. Sangat cocok untukmu yang beraktivitas tinggi!","Bagi kulit kering, sebaiknya menggunakan Moisturizer Wardah Skin Care Series yang disesuaikan dengan masalah kulit sebelum menggunakan BB cream. Gunakan Wardah Powder setelah pemakaian BB cream untuk hasil optimal matte-finish., 1. Oleskan tipis merata ke arah bawah searah bulu halus di wajah, 2. Gunakan kuas khusus foundation atau langsung dengan jari tangan, 3. Aplikasikan ke seluruh wajah, dimulai dari dahi, pipi, dan diakhiri pada bagian dagu.",
MAKE UP,https://wardah-mainsite.s3-ap-southeast-1.amazonaws.com/medias/products/variant-1573051378.png,"WISUDA UI 2021, FACE",Exclusive Creamy Foundation,96500,"Precious Satin Finish & Long Wearing Coverage. Creamy Foundation dengan tampilan satin yang dapat menutupi ketidaksempurnaan kulit, memberikan daya cover maksimal, dan meratakan warna kulit. Diformulasikan dengan Titanium Dioxide sebagai UV Protection. Kulit wajah tampak lebih halus, lembut, dan lembab menghasilkan riasan yang menempel menawan dan tahan lama.","1. Oleskan tipis merata ke arah bawah searah bulu halus di wajah, 2. Gunakan kuas khusus foundation atau langsung dengan jari tangan, 3. Aplikasikan ke seluruh wajah, dimulai dari dahi, pipi, dan diakhiri pada bagian dagu., Tips:, Bagi kulit kering, gunakan Moisturizer dari Wardah Skin Care Series terlebih dahulu. Setelah pemakaian Foundation, gunakan Wardah Powder untuk hasil akhir optimal matte-finish.","Dimethicone, Caprylic/Capric Triglyceride, Ethylhexyl Methoxycinnamate, Hydrogenated Polyisobutene, Polymethyl Methacrylate, Mica, Squalane, HDI/Trimethylol Hexyllactone Crosspolymer, Hydrogenated Polycyclopentadiene, Beeswax, Microcrystalline Wax, Methyl Methacrylate Crosspolymer, Nylon-12, Silica, Candelilla (Euphorbia Cerifera) Wax, Paraffin Wax, Stearic Acid, 4-Methylbenzylidene Camphor, Dimethicone/Vinyl Dimethicone Crosspolymer, Isododecane, Cetearyl Dimethicone Crosspolymer, Aluminum Hydroxide, Butyl Methoxydibenzoylmethane, Triethoxycaprylylsilane, Methicone, BHT, Hydrogen Dimethicone, Methylparaben, Propylparaben, Tocopheryl Acetate, Macadamia Ternifolia Seed Oil, Phenoxyethanol, Fragrance, Glycine Soja (Soybean) Oil, Persea Gratissima (Avocado) Oil, Simmondsia Chinensis (Jojoba) Seed Oil, Bisabolol, Isobornyl Acetate, Triticum Vulgare (Wheat) Bran Extract, Calendula Officinalis Flower Extract, Chamomilla Recutita (Matricaria) Flower Extract, Fucus Vesiculosus Extract, Linoleic Acid, TocopherolMay contain:CI 77891, CI 77492, CI 77491, CI 77499"
MAKE UP,https://wardah-mainsite.s3-ap-southeast-1.amazonaws.com/medias/products/variant-1573544024.png,FACE,Luminous  Creamy Foundation Extra Cover,40000,"Smooth and Light Feel, Looks Like Second Skin. Creamy Foundation Extra Cover dengan tekstur ringan, lembut. dan membuat make-up extra cover tahan lama. Memiliki kandungan untuk menyamarkan noda hitam dan bekas jerawat. Tidak membuat kulit mengkilap dan mudah luntur. Cocok untuk digunakan pada hari spesial-mu!","1.. Oleskan tipis merata ke arah bawah searah bulu halus di wajah, 2. Gunakan kuas khusus foundation atau langsung dengan jari tangan, 3. Aplikasikan ke seluruh wajah, dimulai dari dahi, pipi, dan diakhiri pada bagian dagu., Tips :, Bagi kulit kering, gunakan Moisturizer dari Wardah Skin Care Series terlebih dahulu. Setelah pemakaian Foundation, gunakan Wardah Powder untuk hasil akhir optimal matte-finish.",
MAKE UP,https://wardah-mainsite.s3-ap-southeast-1.amazonaws.com/medias/products/variant-1628842747.png,"WISUDA UI 2021, FACE",Exclusive Liquid Foundation,75150,"Ultimate Natural Look & Dewy Feel. Liquid Foundation SPF 30 memiliki tekstur ringan, powdery matte, dan memiliki Soft Focus Agent untuk menyamarkan garis halus dan kerutan. Wet Process Technology dapat menghasilkan tekstur partikel sangat halus untuk make-up ringan natural tetapi tetap cover sepanjang hari.","Bagi kulit kering, gunakan Moisturizer dari Wardah Skin Care Series terlebih dahulu. Setelah pemakaian Foundation, gunakan Wardah Powder untuk hasil akhir optimal matte-finish., 1. Oleskan tipis merata ke arah bawah searah bulu halus di wajah, 2. Gunakan kuas khusus foundation atau langsung dengan jari tangan, 3. Aplikasikan ke seluruh wajah, dimulai dari dahi, pipi, dan diakhiri pada bagian dagu.","Aqua, Cyclopentasiloxane, Cyclotetrasiloxane, Butylene Glycol, Ethylhexyl Methoxycinnamate, Mica, Dimethicone, Phenyl Trimethicone, Polymethyl Methacrylate, Aluminum Starch Octenylsuccinate, HDI/Trimethylol Hexyllactone Crosspolymer, PEG/PPG-20/15 Dimethicone, 4-Methylbenzylidene Camphor, Potassium Cetyl Phosphate, Sodium Chloride, Squalane, Phenoxyethanol, Silica, Sorbitan Oleate, Butyl Methoxydibenzoylmethane, Dimethicone/Vinyl Dimethicone Crosspolymer, Dimethicone Crosspolymer, Triethoxycaprylylsilane, Ethylhexylglycerin, Macadamia Ternifolia Seed Oil, Propylene Glycol, Xanthan Gum, Isopropyl Titanium Triisostearate, Pearl Extract, Dimethiconol, BHT, Tocopheryl Acetate, Glycine Soja (Soybean) Oil, Persea Gratissima (Avocado) Oil, Simmondsia Chinensis (Jojoba) Seed Oil, Bisabolol, Isobornyl Acetate, Calendula Officinalis Flower Extract, Chamomilla Recutita (Matricaria) Flower Extract, Fucus Vesiculosus Extract, Triticum Vulgare (Wheat) Bran Extract, Linoleic Acid, Tocopherol, Aluminum Hydroxide, Hydrogen Dimethicone.  May Contain:  CI 77891, CI 77492, CI 77491, CI 77499."
MAKE UP,https://wardah-mainsite.s3-ap-southeast-1.amazonaws.com/medias/products/variant-1573544482.png,"WISUDA UI 2021, FACE",Exclusive Two Way Cake,92500,"Lustrous Matte & Velvety Texture. Perpaduan butiran velvet powder dan foundation SPF 15 yang memiliki Soft Focus Agent untuk menyamarkan garis halus dan kerutan, mampu menyerap minyak berlebih sehingga menghasilkan tampilan akhir matte. Wet Process Technology dapat menghasilkan tekstur partikel sangat halus untuk make-up ringan natural tetapi tetap cover sepanjang hari. Dilengkapi dengan Moisture Oleo Complex sebagai extra moisturizer dan antioksidan dalam menjaga kulit tetap sehat.","Gunakan Moisturizer dari Wardah Skin Care Series. Untuk tampilan lebih optimal gunakan terlebih dahulu Foundation, BB Cream atau DD Cream Aplikasikan secara merata pada wajah dan leher menggunakan spons.","Mica, Talc, Titanium Dioxide, Zinc Myristate, Squalane, Dimethicone, Methyl Methacrylate Crosspolymer, PTFE, Silica, Polymethyl Methacrylate, HDI/Trimethylol Hexyllactone Crosspolymer, Dipentaerythrityl Hexahydroxystearate/Hexastearate/Hexarosinate, Dimethiconol Stearate, Hydrogen Dimethicone, C9-15 Fluoroalcohol Phosphate, Aluminum Hydroxide, Methicone, Quaternium-15, Macadamia Ternifolia Seed Oil, Fragrance, Tocopheryl Acetate, Glycine Soja (Soybean) Oil, Persea Gratissima (Avocado) Oil, Simmondsia Chinensis (Jojoba) Seed Oil, Bisabolol, Phenoxyethanol, Isobornyl Acetate, Calendula Officinalis Flower Extract, Chamomilla Recutita (Matricaria) Flower Extract, Fucus Vesiculosus Extract, Triticum Vulgare (Wheat) Bran Extract, BHT, Linoleic Acid, Tocopherol, Triethoxycaprylysilane.May Contain: CI 77891, CI 77492, CI 77491, CI 77499"
MAKE UP,https://wardah-mainsite.s3-ap-southeast-1.amazonaws.com/medias/products/slides-1573146097.png,EYE,Aqualash Mascara,50500,"Untuk Tampilan Sempurnamu, Setiap Hari! Water-Based Technology & Fiber memberikan kemudahan dalam mengaplikasikan mascara membuat bulu mata lebih tebal dan panjang. Kandungan Vitamin E untuk perlindungan dan nutrisi bulu mata setiap harinya.","1. Aplikasikan maskara dengan mengarahkan bagian cekung sikat ke bawah dan gerakkan secara zig-zag pada bulu mata dari akar hingga ujung., 2. Balikkan arah sikat hingga cekungan berada di bagian atas, ulangi gerakan zig zag untuk merapikan dan mengangkat bulu mata sehingga terlihat lentik dan tanpa gumpalan., 3. Ulangi beberapa kali untuk mendapatkan hasil bulu mata yang panjang, tebal, dan lentik optimal., Tips :, Sebaiknya penggunaan Eyeliner dilakukan setelah penggunaan Wardah Eyeshadow dan Eyeliner. Gunakan Wardah Eye and Lip Make-Up Remover ketika akan membersihkan bagian mata dari Eyeliner.",
MAKE UP,https://wardah-mainsite.s3-ap-southeast-1.amazonaws.com/medias/products/variant-1583801720.png,FACE,Lightening BB Cream,33500,A True Multitastker with SPF 32 PA+++,"1. Oleskan tipis merata ke arah bawah searah bulu halus di wajah, 2. Gunakan kuas khusus foundation atau langsung dengan jari tangan, 3. Aplikasikan ke seluruh wajah, dimulai dari dahi, pipi, dan diakhiri pada bagian dagu.","Aqua, Cyclopentasiloxane, Ethylhexyl Methoxycinnamate, Butylene Glycol, Dimethicone, Isododecane, Niacinamide, Dimethicone Crosspolymer, Stearic Acid, Caprylyl Methicone, Cyclomethicone, Ethylhexyl Palmitate, Polyglyceryl-4-Isostearate, Aloe Barbadensis (Aloe Vera) Leaf Extract, Sodium Chloride, Triethylhexanoin, Zinc Oxide, Disteardimonium Hectorite, Cetyl PEG/PPG 10/1 Dimethicone, Hexyl Laurate, Silica, Phenoxyethanol, Dimethicone/Vinyl Dimethicone Crosspolymer, Sorbitan Olivate, Propylene Carbonate, Titanium Dioxide, Nylon-12, Tocopheryl Acetate, Glycerin, Allantoin, Triethoxycaprylylsilane, Ethylhexylglycerin, Ascorbyl Tetraisopalmitate, Disodium EDTA, Sodium Hyaluronate, Glycyrrhiza Glabra (Licorice) Root Extract, Carbomer, Polysorbate 20, Palmitoyl Pentapeptide-4, Trimethylsiloxysilicate, Aluminum Hydroxide, Methicone May contain: CI 77891, CI 77492, CI 77491, CI 77499"
MAKE UP,https://wardah-mainsite.s3-ap-southeast-1.amazonaws.com/medias/products/slides-1573229944.png,FACE,Everyday BB Shine Free Loose Powder,59000,"Kini kamu yang memiliki kulit wajah cenderung berminyak tak perlu khawatir tampil tak fresh lagi. Cukup dengan Wardah Everyday Shine-Free Loose Powder dan kilat berlebih wajahmu dapat menghilang dengan sebuah tepuk! Oil absorber di dalamnya mengandung jutaan micropores yang bantu kendalikan minyak wajah berlebih. Wajahmu jadi tampak halus, lembut dan terasa fresh lagi!",Tepukkan lembut pada seluruh wajah terutama bagian yang terasa berminyak seperti daerah T-Zone.,"Corn (Zea Mays) Starch, Kaolin, Silica, Dimethicone/Vinyl Dimethicone Crosspolymer, HDI/Trimethylol Hexyllactone Crosspolymer, Mica, Zinc Myristate, Boron Nitride, Caprylic/Capric Triglyceride, Methyl Methacrylate Crosspolymer, Phenoxyethanol, Methicone, Dimethiconol Stearate, Ethylhexylglycerin."
MAKE UP,https://wardah-mainsite.s3-ap-southeast-1.amazonaws.com/medias/products/variant-1581587695.png,LIPS,Everyday Cheek &amp; Liptint,45000,Tampil happy dan fresh setiap hari dengan warna Wardah Everyday Cheek & Lip Tint. Tambah rona wajah pada bibir dan pipi dengan Blushtensity Fit yang menyatu sempurna dengan warna kulit alami. Mengandung 7 Natural Essences yang melembabkan sekaligus menutrisi kulit. Bibir dan pipi pun merona alami tanpa terasa kering dengan Wardah Everyday Cheek&Lip Tint.,"Cheek: Tepukkan aplikator ke pipi secara ringan, langsung baurkan dengan jari untuk pipi meronamu. Lip: 1. Oleskan lip tint ke seluruh bibirmu hingga intensitas warna yang diinginkan tercapai 2. Untuk efek gradasi, oleskan lip int ke bagian dalam bibir lalu baurkan dengan jari","Aqua, Octyldodecanol, Glycerin, Phytosteryl/Isostearyl/Cetyl/Stearyl/Behenyl Dimer Dilinoleate, Ethylcellulose, Hydroxyethyl Acrylate/Sodium Acryloyldimethyl Taurate Copolymer, Behenyl Alcohol, Stearyl Alcohol, Polysorbate 60, Tocopheryl Acetate, PEG-20 Phytosterol, Phenoxyethanol, Fragrance, Cetyl Alcohol, Phytosterols, Chlorphenesin, Squalane, Caprylic/Capric Triglyceride, Glyceryl Stearate, Hydrogenated Lecithin, Oenothera Biennis Oil, Olive (Olea Europaea) Oil, Prunus Amygdalus Dulcis, Shea Butter (Butyrospermum Parkii), Simmondsia Chinensis (Jojoba) Seed Oil, Allantoin, Ethylhexylglycerin, Sorbitan Isostearate, Stevioside. May Contain:CI 16035, CI 17200, CI 45380, CI 45410"
MAKE UP,https://wardah-mainsite.s3-ap-southeast-1.amazonaws.com/medias/products/variant-1581666469.png,LIPS,Long Lasting Lipstick,49500,"Formula dengan High Color Fixation Technology membuat bibirmu tampak cantik lebih lama. Memiliki warna yang intens dan formula lembut, membantu menjaga kelembaban alami bibir hingga tetap terlihat memukau. Tersedia dalam 19 varian warna yang sempurna!","1. Bersihkan bibir terlebih dahulu, 2. Aplikasikan Long Lasting Lipstick keseluruh bibir","Cyclomethicone, Isopropyl Myristate, Caprylic/Capric Triglyceride, Isohexadecane, Candelilla (Euphorbia Cerifera) Wax, Beeswax, Hydrogenated Polycyclopentadiene, Polyethylene, Carnauba (Copernicia Cerifera) Wax, Myristyl Lactate, Polyglyceryl-2 Triisostearate, Simmondsia Chinensis (Jojoba) Seed Oil, Squalane, Cetyl Acetate, Isododecane, Microcrystalline Wax, Polymethyl Methacrylate, Paraffin Wax, Stearyl Acetate, Polypropylene, Oleyl Acetate, Fragrance, BHT, Propylparaben, Methylparaben, Acetylated Lanolin Alcohol, Talc, Synthetic Fluorphlogopite, Isononyl Isononanoate, Isopropyl Titanium Triisostearate, Stearalkonium Hectorite, Propylene Carbonate, Polyhydroxystearic Acid  May Contain :CI 77891, CI 77492, CI 15850, CI 77491, CI 77499, CI 45410:2, CI 15850:1, CI 15850:2, CI 77742, CI 77019"
MAKE UP,https://wardah-mainsite.s3-ap-southeast-1.amazonaws.com/medias/products/slides-3-1648519546.webp,FACE,Acnederm Face Powder,46000,"Bedak tabur translucent dirancang khusus dengan formula Derma Control Activities with Salicylic Acid+Soybean Extract untuk jenis kulit berjerawat atau cenderung berjerawat (wajah dengan minyak berlebih). Formula ringan dan tekstur yang halus tidak menyumbat pori-pori kulit. Dapatkan hasil bebas kilap, lembut, dan matte ","Ulaskan pada wajah dan leher yang telah dibersihkan., Untuk hasil maksimal gunakan secara rutin Wardah Acnederm Series.","DERMACONTROL ACTIVES, SALICYLIC ACID. Mica, Kaolin, Corn (Zea Mays) Starch, Zinc Stearate, Silica, Isopropyl Myristate, Hydrogen Dimethicone, Salicylic Acid, Triclosan, Allantoin, Methicone, Phenoxyethanol, Water, Butylene Glycol, Fragrance, Glycine Soja (Soybean) Protein, Aluminum Hydroxide.May contain:CI 77891, CI 77492, CI 77491, CI 77499."
MAKE UP,https://wardah-mainsite.s3-ap-southeast-1.amazonaws.com/medias/products/variant-1571148398.png,EYE,Eyeshadow,49500,Sapuan warna intens untuk menunjolkan keindahan mata. Dikombinaskan dalam tiga warna sempurna untuk membantu mengekspresikan bentuk terbaik dari matamu. Terbuat dari Microcoated Particle yang nyaman dan lembut saar diaplikasikan. Tersedia dalam 14 kombinasi warna yang sulit untuk dilewatkan,1. Aplikasikan Wardah Eyeshadow favorite mu ke bagian kelopak mata mu.,
MAKE UP,https://wardah-mainsite.s3-ap-southeast-1.amazonaws.com/medias/products/slides-1572511849.png,FACE,C-Defense DD Cream,32000,"Krim dengan UV Protection yang bantu mencerahkan, menghaluskan, dan meratakan warna kulit. dengan kandungan Allatoin, SPF 30, Vitamin C, Vitamin B3, dan Vitamin E yang membuat kulit tampak lebih cerah dan terlindungi dari radikal bebas. ",Oleskan merata pada permukaa wajah yang telah dibersihkan. Dapat digunakan langsung atau setelah menggunakan pelembab,
MAKE UP,https://wardah-mainsite.s3-ap-southeast-1.amazonaws.com/medias/products/variant-1571146994.png,LIPS,Lipbalm,23500,"Pelembab bibir berukuran mini dengan manfaat multiguna untuk bibir tetap tampak sehat terat. dengan kandungan Triple Moisture Care System yang melembabkan, vitamin E untuk nutrisi, dan kandungan tabir surya yang akan melindungi bibirmu dari paparan sinar UV. Tersedia dalam 3 varian yang menyenangkan!","1. Bersihkan bibir terlebih dahulu, 2. Aplikasikan Wardah Lipbalm keseluruh bibir",
MAKE UP,https://wardah-mainsite.s3-ap-southeast-1.amazonaws.com/medias/products/variant-1586396878.png,LIPS,Colorfit Velvet Matte Lip Mousse,67050,Liquid lipstick dengan tekstur mousse yang nyaman dipakai di bibir. ,"Gunakan Wardah Lipbalm atau Lipgloss sebelum menggunanakan lipstick yang bertujuan untuk melembabkan bibir., 1. Aplikasikan lipstik di bagian dalam bibir., 2. Gunakan ujung aplikator untuk merapikan pulasan lipstik hingga ke bagian ujung bibir., 3. Gunakan hingga seluruh warna merata di bibir cantikmu.","Cyclopentasiloxane, Dimethicone, Isododecane, Bis-Hydroxylauryl Dimethicone/IPDI Copolymer, Polyglyceryl-2 Triisostearate, Trimethylsiloxysilicate, Vinyl Dimethicone/Methicone Silsesquioxane Crosspolymer, Silica, Dimethicone/Vinyl Dimethicone Crosspolymer, Divinyldimethicone/Dimethicone Crosspolymer, Isohexadecane, Disteardimonium Hectorite, Propylene Carbonate, Phenoxyethanol, Ethylhexylglycerin, Methicone, Tocopheryl Acetate, Aluminum Hydroxide, Triethoxycaprylylsilane, Fragrance, Tocopherol. May Contain : CI 45410, CI 15850, CI 15850:1, CI 15850:2, CI 42090, CI 77491, CI 77492, CI 77499, CI 77891."
MAKE UP,https://wardah-mainsite.s3-ap-southeast-1.amazonaws.com/medias/products/slides-2-1656144338.webp,EYE,Optimum Hi-Black Eyeliner,72450,"Expressive, Consistent, & Long Wear. Tank-Eyeliner berbentuk pena dengan aplikator velvet felt-tip yang didesain khusus sehingga mudah digunakan. Menghasilkan garis hitam intens untuk aksentuasi bentuk mata maksimal yang tahan lama.","1. Sebaiknya penggunaan Eyeliner dilakukan setelah penggunaan Wardah Eyeshadow., 2. Gunakan Wardah Eye and Lip Make-Up Remover ketika akan membersihkan bagian mata dari Eyeliner., 3. Aplikasikan dari arah dalam ke luar eyeliner dengan satu tarikan garis untuk hasil sempurna.","Water, Propylene Glycol, Acrylates/Ethylhexyl Acrylate Copolymer, Laureth-21, Acrylates/Dimethylaminoethyl Methacrylate Copolymer, Phenoxyethanol, PEG-40 Hydrogenated Castor Oil, Ammonium Acrylates Copolymer, Sodium Dehydroacetate, Sodium Laureth-12 Sulfate, Caprylyl Glycol, Ethylhexylglycerin, C11-15 Pareth-7, Butylene Glycol, Potasium Sorbate, Sodium Lauryl Sulfate, Disodium Laureth Sulfosuccinate, CI 77266."
MAKE UP,https://wardah-mainsite.s3-ap-southeast-1.amazonaws.com/medias/products/slides-1573146762.png,EYE,Staylast Gel Eyeliner,50500,"All eyes are on your eyes. Eyeliner gel/krim yang lembut, cepat kering, dan smudge-proof, mempertahankan tampilan cantik matamu setiap hari. Dengan kuas yang didesain khusus untuk hasil yang presisi, membuatmu bisa berkreasi dengan garis tipis atau dramatis sekalipun.","Sebaiknya penggunaan Eyeliner dilakukan setelah penggunaan Wardah Eyeshadow. Gunakan Wardah Eye and Lip Make-Up Remover ketika akan membersihkan bagian mata dari Eyeliner., 1. baurkan gel eyeliner dengan menggunakan kuas pada posisi mendatar., 2. Jangan mengambil dengan posisi kuas tegak karena akan merusak kuas., 3. Aplikasikan dari arah dalam ke luar dengan satu tarikan garis., 4. Setelah aplikasi, bersihkan kelebihan eyeliner pada kuas dengan menggunakan tissue atau cotton bud","Isododecane, Trimethylsiloxysilicate, Polypropylsilsesquioxane, Cyclomethicone, Phenyl Trimethicone, Caprylyl Methicone, Disteardimonium Hectorite, Di-C-20-40 Alkyl Dimer Dilinoleate, Candelilla (Euphorbia Cerifera) Wax, Nylon-12, Stearyl Behenate, Silica, Propylene Carbonate, Hydrogenated Polyisobutene, Microcrystalline Wax, Dimethicone/Vinyl Dimethicone Crosspolymer, Cetyl Behenate, Stearyl Stearate, Phenoxyethanol, Carnauba (Copernicia Cerifera) Wax, Shea Butter (Butyrospermum Parkii), BHT, Dextrin Palmitate/Ethylhexanoate, Triethylene Glycol, Acrylates/Dimethicone Copolymer, CI 7726"
MAKE UP,https://wardah-mainsite.s3-ap-southeast-1.amazonaws.com/medias/products/slides-2-1656144163.webp,EYE,Staylast Liquid Eyeliner,42000,Let your eyes do the talk. Liquid Eyeliner diformulasikan dengan warna hitam yang intens dan cepat kering. Memberi kilauan natural sehingga memperindah dan menegaskan bentuk mata dengan natural.,"Sebaiknya penggunaan Eyeliner dilakukan setelah penggunaan Wardah Eyeshadow. Gunakan Wardah Eye and Lip Make-Up Remover ketika akan membersihkan bagian mata dari Eyeliner., 1. Kocok dahulu sebelum digunakan., 2. Tarik satu garis lurus dari bagian dalam mata ke arah luar mata.","Aqua, Butylene Glycol, Styrene/Acrylates/Ammonium Methacrylate Copolymer, Hydrogenated Polyisobutene, Hydrogenated Polycyclopentadiene, Ceteth-20, Phenyl Trimethicone, PVP, Polyethylene, Benzyl Alcohol, Ethylhexylglycerin, Carnauba (Copernicia Cerifera) Wax, Sodium Laureth-12 Sulfate, Cetearyl Behenate, Stearic Acid, Synthetic Beeswax, Tocopheryl Acetate, Ozokerite, Potassium Sorbate, Xanthan Gum, Methylparaben, Tocopherol, Hectorite, Cellulose, Propylparaben, Ammonium Hydroxide, Disodium EDTA, Tetrasodium EDTA, PEG-40 Hydrogenated Castor Oil, Laureth-21, Sodium Dehydroacetate, CI 77266"
MAKE UP,https://wardah-mainsite.s3-ap-southeast-1.amazonaws.com/medias/products/variant-1620641553.jpg,LIPS,Intense Matte Lipstick,49500,"Matte and moist in a minute! True matte finished yang diformulasikan dengan Smooth Creamy Texture, Supreme Moisture Charge, dan kombinasi Highly Pigmented Colors menjadikan tampilan bibir cantik lembab dalam satu olesan. Rangkaian 12 warna terkini dan cantik memiliki ketahanan warna maksimal.","1. Putar lipstik keluar maksimal ¼ bagian (jangan terlalu tinggi)., 2. Pulaskan lipstik dari bagian tengah bibir atas lalu mengikuti kontur bibir, menuju arah kanan dan kiri., 3. Pulaskan lipstik ke seluruh permukaan bibir bawah.",
MAKE UP,https://wardah-mainsite.s3-ap-southeast-1.amazonaws.com/medias/products/variant-1581581240.png,LIPS,Exclusive Moist Lipstick,21500,Lipstick Moist dengan kilap alami yang memberikan kelembaban pada bibir dengan Aloe Vera Extract dan Vitamin E serta kesan bibir yang sehat,"1. Putar lipstik keluar maksimal ¼ bagian (jangan terlalu tinggi)., 2. Pulaskan lipstik dari bagian tengah bibir atas lalu mengikuti kontur bibir, menuju arah kanan dan kiri., 3. Pulaskan lipstik ke seluruh permukaan bibir bawah.",
MAKE UP,https://wardah-mainsite.s3-ap-southeast-1.amazonaws.com/medias/products/variant-1582871415.png,LIPS,Exclusive Matte Lipstick,21500,Matte Lipstik dengan hasil yang lembut dan nyaman pada bibir dilengkapi dengan Vitamin E,"1. Putar lipstik keluar maksimal ¼ bagian (jangan terlalu tinggi)., 2. Pulaskan lipstik dari bagian tengah bibir atas lalu mengikuti kontur bibir, menuju arah kanan dan kiri., 3. Pulaskan lipstik ke seluruh permukaan bibir bawah.",
MAKE UP,https://wardah-mainsite.s3-ap-southeast-1.amazonaws.com/medias/products/variant-1583745591.png,FACE,Exclusive Blush On,62500,"Wardah Exclusive Blush on yang tersedia dalam 2 varian warna yang cocok digunakan untuk berbagai warna kulit wanita indonesia, yaitu 01 Rosy Pink dan 02 Coral Peach Blush on yang di formulasikan khusus dengan :","1. Aplikasikan blush pada pipimu, 2. Sapukan dengan lembut aplikator pada blush, 3. Kemudian, baurkan blush hingga terlihat natural",
MAKE UP,https://wardah-mainsite.s3-ap-southeast-1.amazonaws.com/medias/products/variant-1581578388.png,LIPS,Exclusive Matte Lip Cream,59850,"The Perfect Color Intensity for an Unforgettable Luxury. Lushlip Liquid & Colorbinding Pigments dengan tesktur velvet creamy sekali oles, ringan, intens dan lembut, serta memberikan efek matte yang cepat kering dan tidak lengket. Variasi warna mewah sempurna dapat bertahan lama di bibir sepanjang hari.","Gunakan Wardah Lip Balm atau Lipgloss sebelum menggunakan lipstik yang bertujuan untuk melembapkan bibir., 1. Aplikasikan lipstik di bagian dalam bibir., 2. Gunakan ujung aplikator untuk merapikan pulasan lipstik hingga ke bagian ujung bibir., 3. Gunakan hingga seluruh warna merata di bibir cantikmu.","Cyclopentasiloxane, Isododecane, Trisiloxane, Trimethylsiloxysilicate, Diisostearyl Malate, Synthetic beeswax, Disteardimonium Hectorite, Caprylyl Methicone, Aluminum Starch Octenylsuccinate, Propylene Carbonate, Silica Dimethyl Silylate, Tocopheryl Acetate, Cetyl Dimethicone, Propylparaben, Fragrance, Aluminum Hydroxide, Triethoxycaprylylsilane, Talc. May Contain :CI 45410:2, CI 15850:1, CI 42090, CI 77891, CI 15850:2, CI 77491, CI 77492, CI 77499, CI 15850"
